<?xml version = '1.0' encoding = 'UTF-8'?>
<weblogic-web-app xmlns:xsi="http://www.w3.org/2001/XMLSchema-instance"
                  xsi:schemaLocation="http://xmlns.oracle.com/weblogic/weblogic-web-app http://xmlns.oracle.com/weblogic/weblogic-web-app/1.1/weblogic-web-app.xsd"
                  xmlns="http://xmlns.oracle.com/weblogic/weblogic-web-app">
  <container-descriptor>
    <prefer-web-inf-classes>true</prefer-web-inf-classes>
    <show-archived-real-path-enabled>true</show-archived-real-path-enabled>
  </container-descriptor>
  <context-root>/</context-root>
</weblogic-web-app>
